<?xml version="1.0" encoding="UTF-8"?>
<!DOCTYPE plist PUBLIC "-//Apple//DTD PLIST 1.0//EN" "http://www.apple.com/DTDs/PropertyList-1.0.dtd">
<plist version="1.0">
<dict>
	<key>kMDItemAuthors</key>
	<array>
		<string>Diego Acevedo</string>
	</array>
	<key>kMDItemComment</key>
	<string>Literature app for Jehovah’s Witnesses. To be used by Literature Servant in the literature department. Primarily to help organize the orders and distribution of literature.</string>
	<key>kMDItemCopyright</key>
	<string>2017</string>
	<key>kMDItemDescription</key>
	<string>Literature Assistant</string>
	<key>kMDItemOrganizations</key>
	<array>
		<string>hitechbrothers.com</string>
	</array>
	<key>kMDItemSubject</key>
	<string>Theocratic Apps</string>
	<key>kMDItemVersion</key>
	<string>2.0</string>
</dict>
</plist>
